-- ----------------------------
-- Records of SYS_CONFIG_WATERMARK
-- ----------------------------
INSERT INTO "SYS_CONFIG_WATERMARK" VALUES ('2917650725118978', '信雅达科技股份有限公司', '26', 'SimHei', '16', '#000000', TO_DATE('2022-02-16 14:38:30', 'SYYYY-MM-DD HH24:MI:SS'), TO_DATE('2022-03-21 19:48:02', 'SYYYY-MM-DD HH24:MI:SS'), '0', '0');


-- ----------------------------
-- Records of SYS_MENU
-- ----------------------------
INSERT INTO "SYS_MENU" VALUES ('1120000', '0', '基础管理', 'base', '/basics/**', NULL, 'D', '1', '1', 'system', '0', '0', '5', NULL, '9', TO_DATE('2020-10-22 14:27:04', 'SYYYY-MM-DD HH24:MI:SS'), TO_DATE('2022-04-06 14:00:18', 'SYYYY-MM-DD HH24:MI:SS'), '0');
INSERT INTO "SYS_MENU" VALUES ('2807298299749378', '0', '档案管理', 'oa', '/arcOa/**', NULL, 'D', '1', '1', 'education', '0', '0', '3', NULL, '0', TO_DATE('2021-09-13 16:45:55', 'SYYYY-MM-DD HH24:MI:SS'), TO_DATE('2022-05-05 15:24:13', 'SYYYY-MM-DD HH24:MI:SS'), '0');
INSERT INTO "SYS_MENU" VALUES ('2807302197699586', '2807298299749378', '档案查询', 'oaQuery', '/arcOa/query/**', 'EmptyLayout', 'M', '1', '1', 'search', '0', '0', '2', NULL, '0', TO_DATE('2021-09-13 16:53:51', 'SYYYY-MM-DD HH24:MI:SS'), TO_DATE('2022-04-29 16:44:22', 'SYYYY-MM-DD HH24:MI:SS'), '0');
INSERT INTO "SYS_MENU" VALUES ('2807302494200834', '2807298299749378', '移交管理', 'oaTransfer', '/arcOa/transfer/**', 'EmptyLayout', 'M', '1', '1', 'clipboard', '0', '0', '4', NULL, '0', TO_DATE('2021-09-13 16:54:27', 'SYYYY-MM-DD HH24:MI:SS'), TO_DATE('2022-04-29 16:45:51', 'SYYYY-MM-DD HH24:MI:SS'), '0');
INSERT INTO "SYS_MENU" VALUES ('2807303945839618', '2807298299749378', '借阅管理', 'oaBorr', '/arcOa/borrow/**', 'EmptyLayout', 'M', '1', '1', 'zip', '0', '0', '3', NULL, '0', TO_DATE('2021-09-13 16:57:25', 'SYYYY-MM-DD HH24:MI:SS'), TO_DATE('2022-04-29 16:42:01', 'SYYYY-MM-DD HH24:MI:SS'), '0');
INSERT INTO "SYS_MENU" VALUES ('2807304335401986', '2807298299749378', '鉴定销毁', 'oaDestroy', '/arcOa/destroy/**', 'EmptyLayout', 'M', '1', '1', 'select', '0', '0', '5', NULL, '0', TO_DATE('2021-09-13 16:58:12', 'SYYYY-MM-DD HH24:MI:SS'), TO_DATE('2022-04-29 16:42:38', 'SYYYY-MM-DD HH24:MI:SS'), '0');
INSERT INTO "SYS_MENU" VALUES ('2813634747737090', '2807298299749378', '归档管理', 'oaMana', '/arcOa/file/**', 'EmptyLayout', 'M', '1', '1', 'guide', '0', '0', '1', NULL, '0', TO_DATE('2021-09-22 15:37:28', 'SYYYY-MM-DD HH24:MI:SS'), TO_DATE('2022-04-29 16:43:12', 'SYYYY-MM-DD HH24:MI:SS'), '0');
INSERT INTO "SYS_MENU" VALUES ('2813635107554306', '2813634747737090', '档案收集', 'oaGather', '/arcOa/file/gather/**', 'arcOa/arcMana/gather', 'M', '1', '1', 'dashboard', '0', '0', '1', NULL, '0', TO_DATE('2021-09-22 15:38:11', 'SYYYY-MM-DD HH24:MI:SS'), TO_DATE('2022-04-29 16:44:18', 'SYYYY-MM-DD HH24:MI:SS'), '0');
INSERT INTO "SYS_MENU" VALUES ('2813635315016705', '2813634747737090', '审核归档', 'oaAudit', '/arcOa/file/audit/**', 'arcOa/arcMana/audit', 'M', '1', '1', 'slider', '0', '0', '2', NULL, '0', TO_DATE('2021-09-22 15:38:37', 'SYYYY-MM-DD HH24:MI:SS'), TO_DATE('2022-04-29 16:44:03', 'SYYYY-MM-DD HH24:MI:SS'), '0');
INSERT INTO "SYS_MENU" VALUES ('2813635487114242', '2813634747737090', '档案组卷', 'oaFolder', '/arcOa/file/folder/**', 'arcOa/arcMana/folder', 'M', '1', '1', 'clipboard', '0', '0', '3', NULL, '0', TO_DATE('2021-09-22 15:38:58', 'SYYYY-MM-DD HH24:MI:SS'), TO_DATE('2022-04-29 16:44:13', 'SYYYY-MM-DD HH24:MI:SS'), '0');
INSERT INTO "SYS_MENU" VALUES ('2813635623478273', '2813634747737090', '档案装盒', 'oaBox', '/arcOa/file/box/**', 'arcOa/arcMana/box', 'M', '1', '1', 'list', '0', '0', '4', NULL, '0', TO_DATE('2021-09-22 15:39:14', 'SYYYY-MM-DD HH24:MI:SS'), TO_DATE('2022-04-29 16:44:09', 'SYYYY-MM-DD HH24:MI:SS'), '0');
INSERT INTO "SYS_MENU" VALUES ('2813637877875713', '2807298299749378', '库房管理', 'oaSto', '/arcOa/sto/**', 'EmptyLayout', 'M', '1', '1', 'build', '0', '0', '6', NULL, '0', TO_DATE('2021-09-22 15:43:50', 'SYYYY-MM-DD HH24:MI:SS'), TO_DATE('2022-04-29 16:45:15', 'SYYYY-MM-DD HH24:MI:SS'), '0');
INSERT INTO "SYS_MENU" VALUES ('2813638069158913', '2807298299749378', '报表统计', 'oaReport', '/arcOa/report/**', 'EmptyLayout', 'M', '1', '1', 'monitor', '0', '0', '7', NULL, '0', TO_DATE('2021-09-22 15:44:13', 'SYYYY-MM-DD HH24:MI:SS'), TO_DATE('2022-04-29 16:44:51', 'SYYYY-MM-DD HH24:MI:SS'), '0');
INSERT INTO "SYS_MENU" VALUES ('2813638238798849', '2807298299749378', '系统管理', 'oaSys', '/arcOa/sys/**', 'EmptyLayout', 'M', '1', '1', 'cascader', '0', '0', '8', NULL, '0', TO_DATE('2021-09-22 15:44:34', 'SYYYY-MM-DD HH24:MI:SS'), TO_DATE('2022-04-29 16:45:30', 'SYYYY-MM-DD HH24:MI:SS'), '0');
INSERT INTO "SYS_MENU" VALUES ('2813638498927618', '2807302197699586', '档案检索', 'oaRetri', '/arcOa/query/arc/**', 'arcOa/arcQuery/arcRetri', 'M', '1', '1', 'guide', '0', '0', '1', NULL, '0', TO_DATE('2021-09-22 15:45:05', 'SYYYY-MM-DD HH24:MI:SS'), TO_DATE('2022-04-29 16:44:26', 'SYYYY-MM-DD HH24:MI:SS'), '0');
INSERT INTO "SYS_MENU" VALUES ('2813638770590721', '2807302197699586', '全文检索', 'oaGlobalQuery', '/arcOa/query/global/**', 'arcOa/arcQuery/globalQuery', 'M', '1', '1', 'skill', '0', '0', '3', NULL, '0', TO_DATE('2021-09-22 15:45:39', 'SYYYY-MM-DD HH24:MI:SS'), TO_DATE('2022-04-29 16:44:46', 'SYYYY-MM-DD HH24:MI:SS'), '0');
INSERT INTO "SYS_MENU" VALUES ('2813638936790017', '2807302197699586', '盒号查询', 'oaBoxQuery', '/arcOa/query/box/**', 'arcOa/arcQuery/boxQuery', 'M', '1', '1', 'search', '0', '0', '4', NULL, '0', TO_DATE('2021-09-22 15:45:59', 'SYYYY-MM-DD HH24:MI:SS'), TO_DATE('2022-04-29 16:44:34', 'SYYYY-MM-DD HH24:MI:SS'), '0');
INSERT INTO "SYS_MENU" VALUES ('2813639035167745', '2807302197699586', '案卷查询', 'oaFilesQuery', '/arcOa/query/file/**', 'arcOa/arcQuery/filesQuery', 'M', '1', '1', 'search', '0', '0', '5', NULL, '0', TO_DATE('2021-09-22 15:46:11', 'SYYYY-MM-DD HH24:MI:SS'), TO_DATE('2022-04-29 16:44:41', 'SYYYY-MM-DD HH24:MI:SS'), '0');
INSERT INTO "SYS_MENU" VALUES ('2813639159145474', '2807303945839618', '借阅申请', 'oaApplyFor', '/arcOa/borrow/apply/**', 'arcOa/arcBorr/applyFor', 'M', '1', '1', 'druid', '0', '0', '1', NULL, '0', TO_DATE('2021-09-22 15:46:26', 'SYYYY-MM-DD HH24:MI:SS'), TO_DATE('2022-04-29 16:42:07', 'SYYYY-MM-DD HH24:MI:SS'), '0');
INSERT INTO "SYS_MENU" VALUES ('2813639361201153', '2807303945839618', '借阅审批', 'oaApproval', '/arcOa/borrow/approval/**', 'arcOa/arcBorr/approval', 'M', '1', '1', 'form', '0', '0', '2', NULL, '0', TO_DATE('2021-09-22 15:46:51', 'SYYYY-MM-DD HH24:MI:SS'), TO_DATE('2022-04-29 16:42:15', 'SYYYY-MM-DD HH24:MI:SS'), '0');
INSERT INTO "SYS_MENU" VALUES ('2813639767933953', '2807303945839618', '我的借阅', 'oaMyBor', '/arcOa/borrow/my/**', 'arcOa/arcBorr/myBor', 'M', '1', '1', 'user', '0', '0', '4', NULL, '0', TO_DATE('2021-09-22 15:47:40', 'SYYYY-MM-DD HH24:MI:SS'), TO_DATE('2022-04-29 16:42:32', 'SYYYY-MM-DD HH24:MI:SS'), '0');
INSERT INTO "SYS_MENU" VALUES ('2813639903527937', '2807303945839618', '借阅管理', 'oaBorManage', '/arcOa/borrow/manage/**', 'arcOa/arcBorr/borManage', 'M', '1', '1', 'dict', '0', '0', '5', NULL, '0', TO_DATE('2021-09-22 15:47:57', 'SYYYY-MM-DD HH24:MI:SS'), TO_DATE('2022-04-29 16:42:24', 'SYYYY-MM-DD HH24:MI:SS'), '0');
INSERT INTO "SYS_MENU" VALUES ('2813640562197505', '2807303945839618', '历史借阅', 'oaBorHistory', '/arcOa/borrow/history/**', 'arcOa/arcBorr/borHistory', 'M', '1', '1', 'example', '0', '0', '6', NULL, '0', TO_DATE('2021-09-22 15:49:17', 'SYYYY-MM-DD HH24:MI:SS'), TO_DATE('2022-04-29 16:38:54', 'SYYYY-MM-DD HH24:MI:SS'), '0');
INSERT INTO "SYS_MENU" VALUES ('2813641563825154', '2807302494200834', '档案移交', 'oaDeal', '/arcOa/transfer/deal/**', 'arcOa/arcTransfer/deal', 'M', '1', '1', 'textarea', '0', '0', '1', NULL, '0', TO_DATE('2021-09-22 15:51:20', 'SYYYY-MM-DD HH24:MI:SS'), TO_DATE('2022-04-29 16:45:59', 'SYYYY-MM-DD HH24:MI:SS'), '0');
INSERT INTO "SYS_MENU" VALUES ('2813641708209153', '2807302494200834', '档案接收', 'oaAccept', '/arcOa/transfer/accept/**', 'arcOa/arcTransfer/accept', 'M', '1', '1', 'validCode', '0', '0', '2', NULL, '0', TO_DATE('2021-09-22 15:51:37', 'SYYYY-MM-DD HH24:MI:SS'), TO_DATE('2022-04-29 16:45:56', 'SYYYY-MM-DD HH24:MI:SS'), '0');
INSERT INTO "SYS_MENU" VALUES ('2813641899754497', '2807302494200834', '档案转递', 'oaForwarded', '/arcOa/transfer/forwarded/**', 'arcOa/arcTransfer/forwarded', 'M', '1', '1', 'swagger', '0', '0', '3', NULL, '0', TO_DATE('2021-09-22 15:52:01', 'SYYYY-MM-DD HH24:MI:SS'), TO_DATE('2022-04-29 16:46:03', 'SYYYY-MM-DD HH24:MI:SS'), '0');
INSERT INTO "SYS_MENU" VALUES ('2813642112902146', '2807304335401986', '档案鉴定', 'oaIdentify', '/arcOa/destroy/identify/**', 'arcOa/arcDestroy/identify', 'M', '1', '1', 'component', '0', '0', '1', NULL, '0', TO_DATE('2021-09-22 15:52:27', 'SYYYY-MM-DD HH24:MI:SS'), TO_DATE('2022-04-29 16:42:57', 'SYYYY-MM-DD HH24:MI:SS'), '0');
INSERT INTO "SYS_MENU" VALUES ('2813642287399937', '2807304335401986', '档案销毁', 'oaClearFile', '/arcOa/destroy/clear/**', 'arcOa/arcDestroy/clearFile', 'M', '1', '1', 'password', '0', '0', '4', NULL, '0', TO_DATE('2021-09-22 15:52:48', 'SYYYY-MM-DD HH24:MI:SS'), TO_DATE('2022-04-29 16:42:53', 'SYYYY-MM-DD HH24:MI:SS'), '0');
INSERT INTO "SYS_MENU" VALUES ('2813642406552578', '2807304335401986', '销毁清册', 'oaClearInven', '/arcOa/destroy/inventory/**', 'arcOa/arcDestroy/clearInven', 'M', '1', '1', 'email', '0', '0', '5', NULL, '0', TO_DATE('2021-09-22 15:53:02', 'SYYYY-MM-DD HH24:MI:SS'), TO_DATE('2022-04-29 16:43:04', 'SYYYY-MM-DD HH24:MI:SS'), '0');
INSERT INTO "SYS_MENU" VALUES ('2813642995516417', '2813637877875713', '库房总览', 'oaOverview', '/arcOa/sto/overview/**', 'arcOa/arcSto/overview', 'M', '1', '1', 'fullscreen', '0', '0', '1', NULL, '0', TO_DATE('2021-09-22 15:54:14', 'SYYYY-MM-DD HH24:MI:SS'), TO_DATE('2022-04-29 16:39:47', 'SYYYY-MM-DD HH24:MI:SS'), '0');
INSERT INTO "SYS_MENU" VALUES ('2813643100775426', '2813637877875713', '库房信息', 'oaWarehouse', '/arcOa/sto/warehouse/**', 'arcOa/arcSto/warehouse', 'M', '1', '1', 'message', '0', '0', '2', NULL, '0', TO_DATE('2021-09-22 15:54:27', 'SYYYY-MM-DD HH24:MI:SS'), TO_DATE('2022-04-29 16:40:12', 'SYYYY-MM-DD HH24:MI:SS'), '0');
INSERT INTO "SYS_MENU" VALUES ('2813643207984129', '2813637877875713', '库位管理', 'oaPlacecode', '/arcOa/sto/placeManage/**', 'arcOa/arcSto/placecode', 'M', '1', '1', 'nested', '0', '0', '3', NULL, '0', TO_DATE('2021-09-22 15:54:40', 'SYYYY-MM-DD HH24:MI:SS'), TO_DATE('2022-04-29 16:39:52', 'SYYYY-MM-DD HH24:MI:SS'), '0');
INSERT INTO "SYS_MENU" VALUES ('2813643602535425', '2813637877875713', '库位容量', 'oaCapMonitor', '/arcOa/sto/placeMonitor/**', 'arcOa/arcSto/capMonitor', 'M', '1', '1', 'row', '0', '0', '4', NULL, '0', TO_DATE('2021-09-22 15:55:28', 'SYYYY-MM-DD HH24:MI:SS'), TO_DATE('2022-04-29 16:39:05', 'SYYYY-MM-DD HH24:MI:SS'), '0');
INSERT INTO "SYS_MENU" VALUES ('2813643728102401', '2813637877875713', '入库出库', 'oaInOut', '/arcOa/sto/inOut/**', 'arcOa/arcSto/inOut', 'M', '1', '1', 'log', '0', '0', '5', NULL, '0', TO_DATE('2021-09-22 15:55:44', 'SYYYY-MM-DD HH24:MI:SS'), TO_DATE('2022-04-29 16:45:25', 'SYYYY-MM-DD HH24:MI:SS'), '0');
INSERT INTO "SYS_MENU" VALUES ('2813644091515905', '2813638069158913', '保管统计', 'oaCustody', '/arcOa/report/custody/**', 'arcOa/arcReport/custody', 'M', '1', '1', 'monitor', '0', '0', '1', NULL, '0', TO_DATE('2021-09-22 15:56:28', 'SYYYY-MM-DD HH24:MI:SS'), TO_DATE('2022-04-29 16:44:56', 'SYYYY-MM-DD HH24:MI:SS'), '0');
INSERT INTO "SYS_MENU" VALUES ('2813644284806146', '2813638069158913', '利用统计', 'oaUtilize', '/arcOa/report/utilize/**', 'arcOa/arcReport/utilize', 'M', '1', '1', 'server', '0', '0', '2', NULL, '0', TO_DATE('2021-09-22 15:56:52', 'SYYYY-MM-DD HH24:MI:SS'), TO_DATE('2022-04-29 16:45:10', 'SYYYY-MM-DD HH24:MI:SS'), '0');
INSERT INTO "SYS_MENU" VALUES ('2813644462064641', '2813638069158913', '移转统计', 'oaTransfer', '/arcOa/report/transfer/**', 'arcOa/arcReport/transfer', 'M', '1', '1', 'skill', '0', '0', '3', NULL, '0', TO_DATE('2021-09-22 15:57:13', 'SYYYY-MM-DD HH24:MI:SS'), TO_DATE('2022-04-29 16:45:06', 'SYYYY-MM-DD HH24:MI:SS'), '0');
INSERT INTO "SYS_MENU" VALUES ('2813644613936130', '2813638069158913', '销毁统计', 'oaDestroy', '/arcOa/report/destroy/**', 'arcOa/arcReport/destroy', 'M', '1', '1', 'form', '0', '0', '4', NULL, '0', TO_DATE('2021-09-22 15:57:32', 'SYYYY-MM-DD HH24:MI:SS'), TO_DATE('2022-04-29 16:45:00', 'SYYYY-MM-DD HH24:MI:SS'), '0');
INSERT INTO "SYS_MENU" VALUES ('2813644915188738', '2813638238798849', '档案模型', 'oaFileClassify', '/arcOa/sys/archivesModel/**', 'arcOa/arcSys/fileClassify', 'M', '1', '1', 'dict', '0', '0', '2', NULL, '0', TO_DATE('2021-09-22 15:58:09', 'SYYYY-MM-DD HH24:MI:SS'), TO_DATE('2022-04-29 16:45:35', 'SYYYY-MM-DD HH24:MI:SS'), '0');
INSERT INTO "SYS_MENU" VALUES ('2813645332308993', '2813638238798849', '流程模型', 'oaFlowClassify', '/arcOa/sys/workflow/**', 'arcOa/arcSys/flowClassify', 'M', '1', '1', 'user', '0', '0', '4', NULL, '0', TO_DATE('2021-09-22 15:59:00', 'SYYYY-MM-DD HH24:MI:SS'), TO_DATE('2022-04-29 16:45:45', 'SYYYY-MM-DD HH24:MI:SS'), '0');
INSERT INTO "SYS_MENU" VALUES ('2813652315808770', '1120000', '通用管理', 'currency', '/basics/currency/**', 'EmptyLayout', 'M', '1', '1', 'peoples', '0', '0', '1', NULL, '9', TO_DATE('2021-09-22 16:13:12', 'SYYYY-MM-DD HH24:MI:SS'), TO_DATE('2022-02-14 14:40:58', 'SYYYY-MM-DD HH24:MI:SS'), '0');
INSERT INTO "SYS_MENU" VALUES ('2813652785873921', '2813652315808770', '菜单管理', 'menu', '/basics/currency/menu/**', 'basics/currency/menu', 'M', '1', '1', 'tree', '0', '0', '1', NULL, '9', TO_DATE('2021-09-22 16:14:09', 'SYYYY-MM-DD HH24:MI:SS'), TO_DATE('2022-02-14 14:47:49', 'SYYYY-MM-DD HH24:MI:SS'), '0');
INSERT INTO "SYS_MENU" VALUES ('2813653005009922', '2813652315808770', '组织管理', 'inst', '/basics/currency/org/**', 'basics/currency/inst', 'M', '1', '1', 'user', '0', '0', '2', NULL, '9', TO_DATE('2021-09-22 16:14:36', 'SYYYY-MM-DD HH24:MI:SS'), TO_DATE('2022-02-14 14:47:54', 'SYYYY-MM-DD HH24:MI:SS'), '0');
INSERT INTO "SYS_MENU" VALUES ('2813653154972674', '2813652315808770', '角色管理', 'role', '/basics/currency/role/**', 'basics/currency/role', 'M', '1', '1', 'user', '0', '0', '3', NULL, '9', TO_DATE('2021-09-22 16:14:55', 'SYYYY-MM-DD HH24:MI:SS'), TO_DATE('2022-02-14 14:47:56', 'SYYYY-MM-DD HH24:MI:SS'), '0');
INSERT INTO "SYS_MENU" VALUES ('2813653245895682', '2813652315808770', '用户管理', 'user', '/basics/currency/user/**', 'basics/currency/user', 'M', '1', '1', 'user', '0', '0', '4', NULL, '9', TO_DATE('2021-09-22 16:15:06', 'SYYYY-MM-DD HH24:MI:SS'), TO_DATE('2022-02-14 14:47:52', 'SYYYY-MM-DD HH24:MI:SS'), '0');
INSERT INTO "SYS_MENU" VALUES ('2813653419377665', '1120000', '日志管理', 'sysLog', '/basics/log/**', 'EmptyLayout', 'M', '1', '1', 'bug', '0', '0', '3', NULL, '9', TO_DATE('2020-10-22 14:27:04', 'SYYYY-MM-DD HH24:MI:SS'), TO_DATE('2022-02-14 14:41:42', 'SYYYY-MM-DD HH24:MI:SS'), '0');
INSERT INTO "SYS_MENU" VALUES ('2813653562803201', '2813653419377665', '系统日志', 'log', '/basics/log/sys/**', 'basics/log', 'M', '1', '1', 'druid', '0', '0', '1', NULL, '9', TO_DATE('2021-09-22 16:15:44', 'SYYYY-MM-DD HH24:MI:SS'), TO_DATE('2022-02-24 16:09:00', 'SYYYY-MM-DD HH24:MI:SS'), '0');
INSERT INTO "SYS_MENU" VALUES ('2826882418213889', '2807304335401986', '销毁申请', 'oaClearApply', '/arcOa/destroy/apply/**', 'arcOa/arcDestroy/clearApply', 'M', '1', '1', 'online', '0', '0', '2', NULL, '0', TO_DATE('2021-10-11 08:49:55', 'SYYYY-MM-DD HH24:MI:SS'), TO_DATE('2022-04-29 16:42:43', 'SYYYY-MM-DD HH24:MI:SS'), '0');
INSERT INTO "SYS_MENU" VALUES ('2826882849367041', '2807304335401986', '销毁审批', 'oaClearAppro', '/arcOa/destroy/approval/**', 'arcOa/arcDestroy/clearAppro', 'M', '1', '1', 'documentation', '0', '0', '3', NULL, '0', TO_DATE('2021-10-11 08:50:47', 'SYYYY-MM-DD HH24:MI:SS'), TO_DATE('2022-04-29 16:42:47', 'SYYYY-MM-DD HH24:MI:SS'), '0');
INSERT INTO "SYS_MENU" VALUES ('2862297401295873', '2916985573934081', '档案模型', 'uploading', NULL, 'basics/uploading', 'M', '2', '0', 'link', '0', '0', '5', NULL, '9', TO_DATE('2021-11-30 09:41:53', 'SYYYY-MM-DD HH24:MI:SS'), TO_DATE('2022-04-29 12:23:03', 'SYYYY-MM-DD HH24:MI:SS'), '0');
INSERT INTO "SYS_MENU" VALUES ('2881446428271618', '2813638238798849', '问题流程', 'oaProblemStream', '/arcOa/sys/problemStream/**', 'arcOa/arcSys/problemStream', 'M', '1', '1', 'question', '0', '0', '5', NULL, '0', TO_DATE('2021-12-27 11:00:41', 'SYYYY-MM-DD HH24:MI:SS'), TO_DATE('2022-04-29 17:04:32', 'SYYYY-MM-DD HH24:MI:SS'), '0');
INSERT INTO "SYS_MENU" VALUES ('2911839347581954', '2916985573934081', '登录', 'loginConfig', '/basics/sysConfig/login/**', 'basics/sysConfig/loginConfig', 'M', '1', '0', 'dict', '0', '0', '5', NULL, '9', TO_DATE('2022-02-08 09:35:14', 'SYYYY-MM-DD HH24:MI:SS'), TO_DATE('2022-04-29 12:24:26', 'SYYYY-MM-DD HH24:MI:SS'), '0');
INSERT INTO "SYS_MENU" VALUES ('2916139392926722', '2916985573934081', '档案号', 'ruleClassify', '/basics/sysConfig/arcNoRule/**', 'basics/ruleClassify', 'M', '3', '0', 'dict', '0', '0', '6', NULL, '9', TO_DATE('2022-02-14 11:23:42', 'SYYYY-MM-DD HH24:MI:SS'), TO_DATE('2022-04-29 12:47:20', 'SYYYY-MM-DD HH24:MI:SS'), '0');
INSERT INTO "SYS_MENU" VALUES ('2916983712556033', '2916985573934081', '水印', 'watermark', '/basics/sysConfig/waterMark/**', 'basics/sysConfig/waterMarkConfig', 'M', '4', '0', 'dict', '0', '0', '7', '0', '9', TO_DATE('2022-02-15 16:01:28', 'SYYYY-MM-DD HH24:MI:SS'), TO_DATE('2022-04-29 12:23:22', 'SYYYY-MM-DD HH24:MI:SS'), '0');
INSERT INTO "SYS_MENU" VALUES ('2916985573934081', '1120000', '系统初始化', 'config', '/basics/sysConfig/**', 'EmptyLayout', 'M', '1', '0', 'build', '0', '0', '7', '0', '9', TO_DATE('2022-02-15 16:05:15', 'SYYYY-MM-DD HH24:MI:SS'), TO_DATE('2022-04-29 12:22:57', 'SYYYY-MM-DD HH24:MI:SS'), '0');
INSERT INTO "SYS_MENU" VALUES ('2924012816131073', '0', '首页', 'work', NULL, NULL, 'M', '1', '0', 'swagger', '0', '0', '2', '0', '0', TO_DATE('2022-02-25 14:22:13', 'SYYYY-MM-DD HH24:MI:SS'), TO_DATE('2022-03-18 14:57:32', 'SYYYY-MM-DD HH24:MI:SS'), '0');
INSERT INTO "SYS_MENU" VALUES ('2924013053862913', '2924012816131073', '工作台', 'workbench', '/workbench/**', 'workbench', 'M', '1', '0', 'chart', '0', '0', '1', '0', '0', TO_DATE('2022-02-25 14:22:42', 'SYYYY-MM-DD HH24:MI:SS'), TO_DATE('2022-02-25 17:43:47', 'SYYYY-MM-DD HH24:MI:SS'), '0');
INSERT INTO "SYS_MENU" VALUES ('2952318243537922', '2916985573934081', '全文检索ES', 'esConfig', '/basics/sysConfig/es/**', 'basics/sysConfig/esConfig', 'M', '1', '0', 'slider', '0', '0', '8', '0', '9', TO_DATE('2022-04-06 14:09:45', 'SYYYY-MM-DD HH24:MI:SS'), TO_DATE('2022-04-29 12:51:47', 'SYYYY-MM-DD HH24:MI:SS'), '0');
INSERT INTO "SYS_MENU" VALUES ('2968544883950594', '2916985573934081', '数据权限', 'securityClassify', '/basics/sysConfig/permiss/**', 'basics/securityClassify', 'M', '1', '0', 'edit', '0', '0', '10', '0', '9', TO_DATE('2022-04-29 12:22:56', 'SYYYY-MM-DD HH24:MI:SS'), TO_DATE('2022-04-29 18:05:08', 'SYYYY-MM-DD HH24:MI:SS'), '0');
INSERT INTO "SYS_MENU" VALUES ('2968545490813953', '2916985573934081', 'API配置', 'apiconfig', '/basics/sysConfig/api/**', 'basics/apiconfig', 'M', '1', '0', 'education', '0', '0', '11', '0', '9', TO_DATE('2022-04-29 12:24:10', 'SYYYY-MM-DD HH24:MI:SS'), TO_DATE('2022-04-29 12:51:56', 'SYYYY-MM-DD HH24:MI:SS'), '0');


-- ----------------------------
-- Records of SYS_PERMISS
-- ----------------------------
INSERT INTO "SYS_PERMISS" VALUES ('2943296860857345', '普通(全员公开)', '0', '0', '0', TO_DATE('2022-03-24 20:15:42', 'SYYYY-MM-DD HH24:MI:SS'), TO_DATE('2022-03-30 14:04:30', 'SYYYY-MM-DD HH24:MI:SS'));
INSERT INTO "SYS_PERMISS" VALUES ('2944621320496130', '普通(本部门内公开)', '1', '1', '0', TO_DATE('2022-03-26 17:10:19', 'SYYYY-MM-DD HH24:MI:SS'), TO_DATE('2022-03-30 14:04:49', 'SYYYY-MM-DD HH24:MI:SS'));
INSERT INTO "SYS_PERMISS" VALUES ('2944621584106498', '普通(需审批后查看)', '2', '1', '0', TO_DATE('2022-03-26 17:10:52', 'SYYYY-MM-DD HH24:MI:SS'), NULL);
INSERT INTO "SYS_PERMISS" VALUES ('2944627390252034', '机密', '3', '1', '0', TO_DATE('2022-03-26 17:22:40', 'SYYYY-MM-DD HH24:MI:SS'), NULL);
INSERT INTO "SYS_PERMISS" VALUES ('2944627534889986', '秘密', '4', '1', '0', TO_DATE('2022-03-26 17:22:58', 'SYYYY-MM-DD HH24:MI:SS'), NULL);
INSERT INTO "SYS_PERMISS" VALUES ('2944627700515842', '绝密', '5', '1', '0', TO_DATE('2022-03-26 17:23:18', 'SYYYY-MM-DD HH24:MI:SS'), NULL);


-- ----------------------------
-- Records of SYS_ROLE
-- ----------------------------
INSERT INTO "SYS_ROLE" VALUES ('2863152939844610', '2851889946633218', '普通用户', '普通人员', '1', TO_DATE('2021-12-01 14:42:29', 'SYYYY-MM-DD HH24:MI:SS'), NULL, '0');
INSERT INTO "SYS_ROLE" VALUES ('2863154186658818', '2851889946633218', '档案经办人员', '档案著录.收集的角色', '1', TO_DATE('2021-12-01 14:45:01', 'SYYYY-MM-DD HH24:MI:SS'), NULL, '0');
INSERT INTO "SYS_ROLE" VALUES ('2863155431359489', '2851889946633218', '档案管理员', '管理档案的角色', '1', TO_DATE('2021-12-01 14:47:33', 'SYYYY-MM-DD HH24:MI:SS'), NULL, '0');
INSERT INTO "SYS_ROLE" VALUES ('2863156589290497', '2851889946633218', '库房经办人员', '管理库房库位相关信息及进行档案出入库借阅管理角色', '1', TO_DATE('2021-12-01 14:49:54', 'SYYYY-MM-DD HH24:MI:SS'), NULL, '0');
INSERT INTO "SYS_ROLE" VALUES ('2863158381413377', '2851889946633218', '库房管理员', '借阅销毁涉及库房管理员审批时的角色', '1', TO_DATE('2021-12-01 14:53:33', 'SYYYY-MM-DD HH24:MI:SS'), NULL, '0');
INSERT INTO "SYS_ROLE" VALUES ('2863158533383169', '2851889946633218', '领导', '借阅销毁流程涉及领导人审批查看当前机构相关统计数据的角色', '1', TO_DATE('2021-12-01 14:53:52', 'SYYYY-MM-DD HH24:MI:SS'), TO_DATE('2021-12-01 14:54:51', 'SYYYY-MM-DD HH24:MI:SS'), '0');
INSERT INTO "SYS_ROLE" VALUES ('2863159291757570', '2851889946633218', '鉴定销毁执行人', '档案鉴定销毁处理的具体执行人', '1', TO_DATE('2021-12-01 14:55:24', 'SYYYY-MM-DD HH24:MI:SS'), NULL, '0');
INSERT INTO "SYS_ROLE" VALUES ('2863159744128001', '2851889946633218', '系统管理员', '系统管理员拥有系统管理相关功能', '1', TO_DATE('2021-12-01 14:56:19', 'SYYYY-MM-DD HH24:MI:SS'), NULL, '0');


-- ----------------------------
-- Records of SYS_ROLE_MENU
-- ----------------------------
INSERT INTO "SYS_ROLE_MENU" VALUES ('2968477020619778', '2863152939844610', '2813638498927618', TO_DATE('2022-04-29 10:04:52', 'SYYYY-MM-DD HH24:MI:SS'), NULL, '0');
INSERT INTO "SYS_ROLE_MENU" VALUES ('2968477020750849', '2863152939844610', '2813638770590721', TO_DATE('2022-04-29 10:04:52', 'SYYYY-MM-DD HH24:MI:SS'), NULL, '0');
INSERT INTO "SYS_ROLE_MENU" VALUES ('2968477020750850', '2863152939844610', '2813639159145474', TO_DATE('2022-04-29 10:04:52', 'SYYYY-MM-DD HH24:MI:SS'), NULL, '0');
INSERT INTO "SYS_ROLE_MENU" VALUES ('2968477020873729', '2863152939844610', '2813639767933953', TO_DATE('2022-04-29 10:04:52', 'SYYYY-MM-DD HH24:MI:SS'), NULL, '0');
INSERT INTO "SYS_ROLE_MENU" VALUES ('2968477020873730', '2863152939844610', '2807298299749378', TO_DATE('2022-04-29 10:04:52', 'SYYYY-MM-DD HH24:MI:SS'), NULL, '0');
INSERT INTO "SYS_ROLE_MENU" VALUES ('2968477020996610', '2863152939844610', '2807302197699586', TO_DATE('2022-04-29 10:04:52', 'SYYYY-MM-DD HH24:MI:SS'), NULL, '0');
INSERT INTO "SYS_ROLE_MENU" VALUES ('2968477020996611', '2863152939844610', '2807303945839618', TO_DATE('2022-04-29 10:04:52', 'SYYYY-MM-DD HH24:MI:SS'), NULL, '0');
INSERT INTO "SYS_ROLE_MENU" VALUES ('2968482591835137', '2863155431359489', '2813635315016705', TO_DATE('2022-04-29 10:16:12', 'SYYYY-MM-DD HH24:MI:SS'), NULL, '0');
INSERT INTO "SYS_ROLE_MENU" VALUES ('2968482592220162', '2863155431359489', '2813635487114242', TO_DATE('2022-04-29 10:16:12', 'SYYYY-MM-DD HH24:MI:SS'), NULL, '0');
INSERT INTO "SYS_ROLE_MENU" VALUES ('2968482592220163', '2863155431359489', '2813635623478273', TO_DATE('2022-04-29 10:16:12', 'SYYYY-MM-DD HH24:MI:SS'), NULL, '0');
INSERT INTO "SYS_ROLE_MENU" VALUES ('2968482592351234', '2863155431359489', '2807302197699586', TO_DATE('2022-04-29 10:16:12', 'SYYYY-MM-DD HH24:MI:SS'), NULL, '0');
INSERT INTO "SYS_ROLE_MENU" VALUES ('2968482592482305', '2863155431359489', '2813638498927618', TO_DATE('2022-04-29 10:16:12', 'SYYYY-MM-DD HH24:MI:SS'), NULL, '0');
INSERT INTO "SYS_ROLE_MENU" VALUES ('2968482592482306', '2863155431359489', '2813638770590721', TO_DATE('2022-04-29 10:16:12', 'SYYYY-MM-DD HH24:MI:SS'), NULL, '0');
INSERT INTO "SYS_ROLE_MENU" VALUES ('2968482592613378', '2863155431359489', '2813638936790017', TO_DATE('2022-04-29 10:16:12', 'SYYYY-MM-DD HH24:MI:SS'), NULL, '0');
INSERT INTO "SYS_ROLE_MENU" VALUES ('2968482592613379', '2863155431359489', '2813639035167745', TO_DATE('2022-04-29 10:16:12', 'SYYYY-MM-DD HH24:MI:SS'), NULL, '0');
INSERT INTO "SYS_ROLE_MENU" VALUES ('2968482592859137', '2863155431359489', '2813639159145474', TO_DATE('2022-04-29 10:16:12', 'SYYYY-MM-DD HH24:MI:SS'), NULL, '0');
INSERT INTO "SYS_ROLE_MENU" VALUES ('2968482592859138', '2863155431359489', '2813639361201153', TO_DATE('2022-04-29 10:16:12', 'SYYYY-MM-DD HH24:MI:SS'), NULL, '0');
INSERT INTO "SYS_ROLE_MENU" VALUES ('2968482592982018', '2863155431359489', '2813639767933953', TO_DATE('2022-04-29 10:16:12', 'SYYYY-MM-DD HH24:MI:SS'), NULL, '0');
INSERT INTO "SYS_ROLE_MENU" VALUES ('2968482593113089', '2863155431359489', '2807302494200834', TO_DATE('2022-04-29 10:16:12', 'SYYYY-MM-DD HH24:MI:SS'), NULL, '0');
INSERT INTO "SYS_ROLE_MENU" VALUES ('2968482593113090', '2863155431359489', '2813641563825154', TO_DATE('2022-04-29 10:16:12', 'SYYYY-MM-DD HH24:MI:SS'), NULL, '0');
INSERT INTO "SYS_ROLE_MENU" VALUES ('2968482593235969', '2863155431359489', '2813641708209153', TO_DATE('2022-04-29 10:16:12', 'SYYYY-MM-DD HH24:MI:SS'), NULL, '0');
INSERT INTO "SYS_ROLE_MENU" VALUES ('2968482593367042', '2863155431359489', '2813641899754497', TO_DATE('2022-04-29 10:16:12', 'SYYYY-MM-DD HH24:MI:SS'), NULL, '0');
INSERT INTO "SYS_ROLE_MENU" VALUES ('2968482593367043', '2863155431359489', '2813642112902146', TO_DATE('2022-04-29 10:16:12', 'SYYYY-MM-DD HH24:MI:SS'), NULL, '0');
INSERT INTO "SYS_ROLE_MENU" VALUES ('2968482593489922', '2863155431359489', '2826882418213889', TO_DATE('2022-04-29 10:16:12', 'SYYYY-MM-DD HH24:MI:SS'), NULL, '0');
INSERT INTO "SYS_ROLE_MENU" VALUES ('2968482593489923', '2863155431359489', '2826882849367041', TO_DATE('2022-04-29 10:16:13', 'SYYYY-MM-DD HH24:MI:SS'), NULL, '0');
INSERT INTO "SYS_ROLE_MENU" VALUES ('2968482593620994', '2863155431359489', '2813642406552578', TO_DATE('2022-04-29 10:16:13', 'SYYYY-MM-DD HH24:MI:SS'), NULL, '0');
INSERT INTO "SYS_ROLE_MENU" VALUES ('2968482593743873', '2863155431359489', '2807298299749378', TO_DATE('2022-04-29 10:16:13', 'SYYYY-MM-DD HH24:MI:SS'), NULL, '0');
INSERT INTO "SYS_ROLE_MENU" VALUES ('2968482593743874', '2863155431359489', '2813634747737090', TO_DATE('2022-04-29 10:16:13', 'SYYYY-MM-DD HH24:MI:SS'), NULL, '0');
INSERT INTO "SYS_ROLE_MENU" VALUES ('2968482593883137', '2863155431359489', '2807303945839618', TO_DATE('2022-04-29 10:16:13', 'SYYYY-MM-DD HH24:MI:SS'), NULL, '0');
INSERT INTO "SYS_ROLE_MENU" VALUES ('2968482594006018', '2863155431359489', '2807304335401986', TO_DATE('2022-04-29 10:16:13', 'SYYYY-MM-DD HH24:MI:SS'), NULL, '0');
INSERT INTO "SYS_ROLE_MENU" VALUES ('2968483904275458', '2863156589290497', '2813638498927618', TO_DATE('2022-04-29 10:18:53', 'SYYYY-MM-DD HH24:MI:SS'), NULL, '0');
INSERT INTO "SYS_ROLE_MENU" VALUES ('2968483904652290', '2863156589290497', '2813638770590721', TO_DATE('2022-04-29 10:18:53', 'SYYYY-MM-DD HH24:MI:SS'), NULL, '0');
INSERT INTO "SYS_ROLE_MENU" VALUES ('2968483905020929', '2863156589290497', '2813639159145474', TO_DATE('2022-04-29 10:18:53', 'SYYYY-MM-DD HH24:MI:SS'), NULL, '0');
INSERT INTO "SYS_ROLE_MENU" VALUES ('2968483905405954', '2863156589290497', '2813639767933953', TO_DATE('2022-04-29 10:18:53', 'SYYYY-MM-DD HH24:MI:SS'), NULL, '0');
INSERT INTO "SYS_ROLE_MENU" VALUES ('2968483905537026', '2863156589290497', '2813639903527937', TO_DATE('2022-04-29 10:18:53', 'SYYYY-MM-DD HH24:MI:SS'), NULL, '0');
INSERT INTO "SYS_ROLE_MENU" VALUES ('2968483905659905', '2863156589290497', '2813640562197505', TO_DATE('2022-04-29 10:18:53', 'SYYYY-MM-DD HH24:MI:SS'), NULL, '0');
INSERT INTO "SYS_ROLE_MENU" VALUES ('2968483905922049', '2863156589290497', '2813641563825154', TO_DATE('2022-04-29 10:18:53', 'SYYYY-MM-DD HH24:MI:SS'), NULL, '0');
INSERT INTO "SYS_ROLE_MENU" VALUES ('2968483906298881', '2863156589290497', '2813641708209153', TO_DATE('2022-04-29 10:18:53', 'SYYYY-MM-DD HH24:MI:SS'), NULL, '0');
INSERT INTO "SYS_ROLE_MENU" VALUES ('2968483906683905', '2863156589290497', '2813642112902146', TO_DATE('2022-04-29 10:18:53', 'SYYYY-MM-DD HH24:MI:SS'), NULL, '0');
INSERT INTO "SYS_ROLE_MENU" VALUES ('2968483907191810', '2863156589290497', '2826882418213889', TO_DATE('2022-04-29 10:18:53', 'SYYYY-MM-DD HH24:MI:SS'), NULL, '0');
INSERT INTO "SYS_ROLE_MENU" VALUES ('2968483907830786', '2863156589290497', '2813637877875713', TO_DATE('2022-04-29 10:18:53', 'SYYYY-MM-DD HH24:MI:SS'), NULL, '0');
INSERT INTO "SYS_ROLE_MENU" VALUES ('2968483908469762', '2863156589290497', '2813642995516417', TO_DATE('2022-04-29 10:18:53', 'SYYYY-MM-DD HH24:MI:SS'), NULL, '0');
INSERT INTO "SYS_ROLE_MENU" VALUES ('2968483908715521', '2863156589290497', '2813643100775426', TO_DATE('2022-04-29 10:18:53', 'SYYYY-MM-DD HH24:MI:SS'), NULL, '0');
INSERT INTO "SYS_ROLE_MENU" VALUES ('2968483912418306', '2863156589290497', '2813643207984129', TO_DATE('2022-04-29 10:18:54', 'SYYYY-MM-DD HH24:MI:SS'), NULL, '0');
INSERT INTO "SYS_ROLE_MENU" VALUES ('2968483914843138', '2863156589290497', '2813643602535425', TO_DATE('2022-04-29 10:18:54', 'SYYYY-MM-DD HH24:MI:SS'), NULL, '0');
INSERT INTO "SYS_ROLE_MENU" VALUES ('2968483915088897', '2863156589290497', '2813643728102401', TO_DATE('2022-04-29 10:18:54', 'SYYYY-MM-DD HH24:MI:SS'), NULL, '0');
INSERT INTO "SYS_ROLE_MENU" VALUES ('2968483915211778', '2863156589290497', '2807298299749378', TO_DATE('2022-04-29 10:18:54', 'SYYYY-MM-DD HH24:MI:SS'), NULL, '0');
INSERT INTO "SYS_ROLE_MENU" VALUES ('2968483915342850', '2863156589290497', '2807302197699586', TO_DATE('2022-04-29 10:18:54', 'SYYYY-MM-DD HH24:MI:SS'), NULL, '0');
INSERT INTO "SYS_ROLE_MENU" VALUES ('2968483915465730', '2863156589290497', '2807303945839618', TO_DATE('2022-04-29 10:18:54', 'SYYYY-MM-DD HH24:MI:SS'), NULL, '0');
INSERT INTO "SYS_ROLE_MENU" VALUES ('2968483915596801', '2863156589290497', '2807302494200834', TO_DATE('2022-04-29 10:18:54', 'SYYYY-MM-DD HH24:MI:SS'), NULL, '0');
INSERT INTO "SYS_ROLE_MENU" VALUES ('2968483915842562', '2863156589290497', '2807304335401986', TO_DATE('2022-04-29 10:18:54', 'SYYYY-MM-DD HH24:MI:SS'), NULL, '0');
INSERT INTO "SYS_ROLE_MENU" VALUES ('2968486082987010', '2863158381413377', '2813638498927618', TO_DATE('2022-04-29 10:23:18', 'SYYYY-MM-DD HH24:MI:SS'), NULL, '0');
INSERT INTO "SYS_ROLE_MENU" VALUES ('2968486083118082', '2863158381413377', '2813638770590721', TO_DATE('2022-04-29 10:23:18', 'SYYYY-MM-DD HH24:MI:SS'), NULL, '0');
INSERT INTO "SYS_ROLE_MENU" VALUES ('2968486083240961', '2863158381413377', '2807303945839618', TO_DATE('2022-04-29 10:23:18', 'SYYYY-MM-DD HH24:MI:SS'), NULL, '0');
INSERT INTO "SYS_ROLE_MENU" VALUES ('2968486083372034', '2863158381413377', '2813639159145474', TO_DATE('2022-04-29 10:23:19', 'SYYYY-MM-DD HH24:MI:SS'), NULL, '0');
INSERT INTO "SYS_ROLE_MENU" VALUES ('2968486083503106', '2863158381413377', '2813639361201153', TO_DATE('2022-04-29 10:23:19', 'SYYYY-MM-DD HH24:MI:SS'), NULL, '0');
INSERT INTO "SYS_ROLE_MENU" VALUES ('2968486083634177', '2863158381413377', '2813639767933953', TO_DATE('2022-04-29 10:23:19', 'SYYYY-MM-DD HH24:MI:SS'), NULL, '0');
INSERT INTO "SYS_ROLE_MENU" VALUES ('2968486083765249', '2863158381413377', '2813639903527937', TO_DATE('2022-04-29 10:23:19', 'SYYYY-MM-DD HH24:MI:SS'), NULL, '0');
INSERT INTO "SYS_ROLE_MENU" VALUES ('2968486083765250', '2863158381413377', '2813640562197505', TO_DATE('2022-04-29 10:23:19', 'SYYYY-MM-DD HH24:MI:SS'), NULL, '0');
INSERT INTO "SYS_ROLE_MENU" VALUES ('2968486083888129', '2863158381413377', '2813641563825154', TO_DATE('2022-04-29 10:23:19', 'SYYYY-MM-DD HH24:MI:SS'), NULL, '0');
INSERT INTO "SYS_ROLE_MENU" VALUES ('2968486084011009', '2863158381413377', '2813641708209153', TO_DATE('2022-04-29 10:23:19', 'SYYYY-MM-DD HH24:MI:SS'), NULL, '0');
INSERT INTO "SYS_ROLE_MENU" VALUES ('2968486084133890', '2863158381413377', '2813642112902146', TO_DATE('2022-04-29 10:23:19', 'SYYYY-MM-DD HH24:MI:SS'), NULL, '0');
INSERT INTO "SYS_ROLE_MENU" VALUES ('2968486084264961', '2863158381413377', '2826882418213889', TO_DATE('2022-04-29 10:23:19', 'SYYYY-MM-DD HH24:MI:SS'), NULL, '0');
INSERT INTO "SYS_ROLE_MENU" VALUES ('2968486084264962', '2863158381413377', '2826882849367041', TO_DATE('2022-04-29 10:23:19', 'SYYYY-MM-DD HH24:MI:SS'), NULL, '0');
INSERT INTO "SYS_ROLE_MENU" VALUES ('2968486084387841', '2863158381413377', '2813642406552578', TO_DATE('2022-04-29 10:23:19', 'SYYYY-MM-DD HH24:MI:SS'), NULL, '0');
INSERT INTO "SYS_ROLE_MENU" VALUES ('2968486084518913', '2863158381413377', '2813637877875713', TO_DATE('2022-04-29 10:23:19', 'SYYYY-MM-DD HH24:MI:SS'), NULL, '0');
INSERT INTO "SYS_ROLE_MENU" VALUES ('2968486084641794', '2863158381413377', '2813642995516417', TO_DATE('2022-04-29 10:23:19', 'SYYYY-MM-DD HH24:MI:SS'), NULL, '0');
INSERT INTO "SYS_ROLE_MENU" VALUES ('2968486084772866', '2863158381413377', '2813643100775426', TO_DATE('2022-04-29 10:23:19', 'SYYYY-MM-DD HH24:MI:SS'), NULL, '0');
INSERT INTO "SYS_ROLE_MENU" VALUES ('2968486084903937', '2863158381413377', '2813643207984129', TO_DATE('2022-04-29 10:23:19', 'SYYYY-MM-DD HH24:MI:SS'), NULL, '0');
INSERT INTO "SYS_ROLE_MENU" VALUES ('2968486085026817', '2863158381413377', '2813643602535425', TO_DATE('2022-04-29 10:23:19', 'SYYYY-MM-DD HH24:MI:SS'), NULL, '0');
INSERT INTO "SYS_ROLE_MENU" VALUES ('2968486085149698', '2863158381413377', '2813643728102401', TO_DATE('2022-04-29 10:23:19', 'SYYYY-MM-DD HH24:MI:SS'), NULL, '0');
INSERT INTO "SYS_ROLE_MENU" VALUES ('2968486085280770', '2863158381413377', '2807298299749378', TO_DATE('2022-04-29 10:23:19', 'SYYYY-MM-DD HH24:MI:SS'), NULL, '0');
INSERT INTO "SYS_ROLE_MENU" VALUES ('2968486085403650', '2863158381413377', '2807302197699586', TO_DATE('2022-04-29 10:23:19', 'SYYYY-MM-DD HH24:MI:SS'), NULL, '0');
INSERT INTO "SYS_ROLE_MENU" VALUES ('2968486085403651', '2863158381413377', '2807302494200834', TO_DATE('2022-04-29 10:23:19', 'SYYYY-MM-DD HH24:MI:SS'), NULL, '0');
INSERT INTO "SYS_ROLE_MENU" VALUES ('2968486085534721', '2863158381413377', '2807304335401986', TO_DATE('2022-04-29 10:23:19', 'SYYYY-MM-DD HH24:MI:SS'), NULL, '0');
INSERT INTO "SYS_ROLE_MENU" VALUES ('2968487624885250', '2863158533383169', '2813638498927618', TO_DATE('2022-04-29 10:26:27', 'SYYYY-MM-DD HH24:MI:SS'), NULL, '0');
INSERT INTO "SYS_ROLE_MENU" VALUES ('2968487625139202', '2863158533383169', '2813638770590721', TO_DATE('2022-04-29 10:26:27', 'SYYYY-MM-DD HH24:MI:SS'), NULL, '0');
INSERT INTO "SYS_ROLE_MENU" VALUES ('2968487625270273', '2863158533383169', '2813639159145474', TO_DATE('2022-04-29 10:26:27', 'SYYYY-MM-DD HH24:MI:SS'), NULL, '0');
INSERT INTO "SYS_ROLE_MENU" VALUES ('2968487625270274', '2863158533383169', '2813639361201153', TO_DATE('2022-04-29 10:26:27', 'SYYYY-MM-DD HH24:MI:SS'), NULL, '0');
INSERT INTO "SYS_ROLE_MENU" VALUES ('2968487625401345', '2863158533383169', '2813639767933953', TO_DATE('2022-04-29 10:26:27', 'SYYYY-MM-DD HH24:MI:SS'), NULL, '0');
INSERT INTO "SYS_ROLE_MENU" VALUES ('2968487625401346', '2863158533383169', '2813640562197505', TO_DATE('2022-04-29 10:26:27', 'SYYYY-MM-DD HH24:MI:SS'), NULL, '0');
INSERT INTO "SYS_ROLE_MENU" VALUES ('2968487625532417', '2863158533383169', '2826882849367041', TO_DATE('2022-04-29 10:26:27', 'SYYYY-MM-DD HH24:MI:SS'), NULL, '0');
INSERT INTO "SYS_ROLE_MENU" VALUES ('2968487625663490', '2863158533383169', '2813642406552578', TO_DATE('2022-04-29 10:26:27', 'SYYYY-MM-DD HH24:MI:SS'), NULL, '0');
INSERT INTO "SYS_ROLE_MENU" VALUES ('2968487625794561', '2863158533383169', '2813642995516417', TO_DATE('2022-04-29 10:26:27', 'SYYYY-MM-DD HH24:MI:SS'), NULL, '0');
INSERT INTO "SYS_ROLE_MENU" VALUES ('2968487625917442', '2863158533383169', '2813638069158913', TO_DATE('2022-04-29 10:26:27', 'SYYYY-MM-DD HH24:MI:SS'), NULL, '0');
INSERT INTO "SYS_ROLE_MENU" VALUES ('2968487626048513', '2863158533383169', '2813644091515905', TO_DATE('2022-04-29 10:26:27', 'SYYYY-MM-DD HH24:MI:SS'), NULL, '0');
INSERT INTO "SYS_ROLE_MENU" VALUES ('2968487626048514', '2863158533383169', '2813644284806146', TO_DATE('2022-04-29 10:26:27', 'SYYYY-MM-DD HH24:MI:SS'), NULL, '0');
INSERT INTO "SYS_ROLE_MENU" VALUES ('2968487626179585', '2863158533383169', '2813644462064641', TO_DATE('2022-04-29 10:26:27', 'SYYYY-MM-DD HH24:MI:SS'), NULL, '0');
INSERT INTO "SYS_ROLE_MENU" VALUES ('2968487626302465', '2863158533383169', '2813644613936130', TO_DATE('2022-04-29 10:26:27', 'SYYYY-MM-DD HH24:MI:SS'), NULL, '0');
INSERT INTO "SYS_ROLE_MENU" VALUES ('2968487626425345', '2863158533383169', '2813653419377665', TO_DATE('2022-04-29 10:26:27', 'SYYYY-MM-DD HH24:MI:SS'), NULL, '0');
INSERT INTO "SYS_ROLE_MENU" VALUES ('2968487626425346', '2863158533383169', '2813653562803201', TO_DATE('2022-04-29 10:26:27', 'SYYYY-MM-DD HH24:MI:SS'), NULL, '0');
INSERT INTO "SYS_ROLE_MENU" VALUES ('2968487626556417', '2863158533383169', '2807298299749378', TO_DATE('2022-04-29 10:26:27', 'SYYYY-MM-DD HH24:MI:SS'), NULL, '0');
INSERT INTO "SYS_ROLE_MENU" VALUES ('2968487626679298', '2863158533383169', '2807302197699586', TO_DATE('2022-04-29 10:26:27', 'SYYYY-MM-DD HH24:MI:SS'), NULL, '0');
INSERT INTO "SYS_ROLE_MENU" VALUES ('2968487626679299', '2863158533383169', '2807303945839618', TO_DATE('2022-04-29 10:26:27', 'SYYYY-MM-DD HH24:MI:SS'), NULL, '0');
INSERT INTO "SYS_ROLE_MENU" VALUES ('2968487626802178', '2863158533383169', '2807304335401986', TO_DATE('2022-04-29 10:26:27', 'SYYYY-MM-DD HH24:MI:SS'), NULL, '0');
INSERT INTO "SYS_ROLE_MENU" VALUES ('2968487626933249', '2863158533383169', '2813637877875713', TO_DATE('2022-04-29 10:26:27', 'SYYYY-MM-DD HH24:MI:SS'), NULL, '0');
INSERT INTO "SYS_ROLE_MENU" VALUES ('2968487626933250', '2863158533383169', '1120000', TO_DATE('2022-04-29 10:26:27', 'SYYYY-MM-DD HH24:MI:SS'), NULL, '0');
INSERT INTO "SYS_ROLE_MENU" VALUES ('2968488649925634', '2863159291757570', '2813638498927618', TO_DATE('2022-04-29 10:28:32', 'SYYYY-MM-DD HH24:MI:SS'), NULL, '0');
INSERT INTO "SYS_ROLE_MENU" VALUES ('2968488650695681', '2863159291757570', '2813638770590721', TO_DATE('2022-04-29 10:28:32', 'SYYYY-MM-DD HH24:MI:SS'), NULL, '0');
INSERT INTO "SYS_ROLE_MENU" VALUES ('2968488651342849', '2863159291757570', '2813639159145474', TO_DATE('2022-04-29 10:28:32', 'SYYYY-MM-DD HH24:MI:SS'), NULL, '0');
INSERT INTO "SYS_ROLE_MENU" VALUES ('2968488651727873', '2863159291757570', '2813639767933953', TO_DATE('2022-04-29 10:28:32', 'SYYYY-MM-DD HH24:MI:SS'), NULL, '0');
INSERT INTO "SYS_ROLE_MENU" VALUES ('2968488652104705', '2863159291757570', '2813642112902146', TO_DATE('2022-04-29 10:28:32', 'SYYYY-MM-DD HH24:MI:SS'), NULL, '0');
INSERT INTO "SYS_ROLE_MENU" VALUES ('2968488652235778', '2863159291757570', '2826882418213889', TO_DATE('2022-04-29 10:28:32', 'SYYYY-MM-DD HH24:MI:SS'), NULL, '0');
INSERT INTO "SYS_ROLE_MENU" VALUES ('2968488652481538', '2863159291757570', '2813642287399937', TO_DATE('2022-04-29 10:28:32', 'SYYYY-MM-DD HH24:MI:SS'), NULL, '0');
INSERT INTO "SYS_ROLE_MENU" VALUES ('2968488652743681', '2863159291757570', '2813642406552578', TO_DATE('2022-04-29 10:28:32', 'SYYYY-MM-DD HH24:MI:SS'), NULL, '0');
INSERT INTO "SYS_ROLE_MENU" VALUES ('2968488653251585', '2863159291757570', '2807298299749378', TO_DATE('2022-04-29 10:28:32', 'SYYYY-MM-DD HH24:MI:SS'), NULL, '0');
INSERT INTO "SYS_ROLE_MENU" VALUES ('2968488653767681', '2863159291757570', '2807302197699586', TO_DATE('2022-04-29 10:28:32', 'SYYYY-MM-DD HH24:MI:SS'), NULL, '0');
INSERT INTO "SYS_ROLE_MENU" VALUES ('2968488654021634', '2863159291757570', '2807303945839618', TO_DATE('2022-04-29 10:28:32', 'SYYYY-MM-DD HH24:MI:SS'), NULL, '0');
INSERT INTO "SYS_ROLE_MENU" VALUES ('2968488654414849', '2863159291757570', '2807304335401986', TO_DATE('2022-04-29 10:28:32', 'SYYYY-MM-DD HH24:MI:SS'), NULL, '0');
INSERT INTO "SYS_ROLE_MENU" VALUES ('2968500899865601', '2863154186658818', '2813635107554306', TO_DATE('2022-04-29 10:53:27', 'SYYYY-MM-DD HH24:MI:SS'), NULL, '0');
INSERT INTO "SYS_ROLE_MENU" VALUES ('2968500899890177', '2863154186658818', '2813635487114242', TO_DATE('2022-04-29 10:53:27', 'SYYYY-MM-DD HH24:MI:SS'), NULL, '0');
INSERT INTO "SYS_ROLE_MENU" VALUES ('2968500899898369', '2863154186658818', '2813635623478273', TO_DATE('2022-04-29 10:53:27', 'SYYYY-MM-DD HH24:MI:SS'), NULL, '0');
INSERT INTO "SYS_ROLE_MENU" VALUES ('2968500899914753', '2863154186658818', '2807302197699586', TO_DATE('2022-04-29 10:53:27', 'SYYYY-MM-DD HH24:MI:SS'), NULL, '0');
INSERT INTO "SYS_ROLE_MENU" VALUES ('2968500899931138', '2863154186658818', '2813638498927618', TO_DATE('2022-04-29 10:53:27', 'SYYYY-MM-DD HH24:MI:SS'), NULL, '0');
INSERT INTO "SYS_ROLE_MENU" VALUES ('2968500899947521', '2863154186658818', '2813638770590721', TO_DATE('2022-04-29 10:53:27', 'SYYYY-MM-DD HH24:MI:SS'), NULL, '0');
INSERT INTO "SYS_ROLE_MENU" VALUES ('2968500899955714', '2863154186658818', '2813638936790017', TO_DATE('2022-04-29 10:53:27', 'SYYYY-MM-DD HH24:MI:SS'), NULL, '0');
INSERT INTO "SYS_ROLE_MENU" VALUES ('2968500899980290', '2863154186658818', '2813639035167745', TO_DATE('2022-04-29 10:53:27', 'SYYYY-MM-DD HH24:MI:SS'), NULL, '0');
INSERT INTO "SYS_ROLE_MENU" VALUES ('2968500899996674', '2863154186658818', '2813639159145474', TO_DATE('2022-04-29 10:53:27', 'SYYYY-MM-DD HH24:MI:SS'), NULL, '0');
INSERT INTO "SYS_ROLE_MENU" VALUES ('2968500900021249', '2863154186658818', '2813639767933953', TO_DATE('2022-04-29 10:53:27', 'SYYYY-MM-DD HH24:MI:SS'), NULL, '0');
INSERT INTO "SYS_ROLE_MENU" VALUES ('2968500900029442', '2863154186658818', '2807302494200834', TO_DATE('2022-04-29 10:53:27', 'SYYYY-MM-DD HH24:MI:SS'), NULL, '0');
INSERT INTO "SYS_ROLE_MENU" VALUES ('2968500900054017', '2863154186658818', '2813641563825154', TO_DATE('2022-04-29 10:53:27', 'SYYYY-MM-DD HH24:MI:SS'), NULL, '0');
INSERT INTO "SYS_ROLE_MENU" VALUES ('2968500900070402', '2863154186658818', '2813641708209153', TO_DATE('2022-04-29 10:53:27', 'SYYYY-MM-DD HH24:MI:SS'), NULL, '0');
INSERT INTO "SYS_ROLE_MENU" VALUES ('2968500900086786', '2863154186658818', '2813641899754497', TO_DATE('2022-04-29 10:53:27', 'SYYYY-MM-DD HH24:MI:SS'), NULL, '0');
INSERT INTO "SYS_ROLE_MENU" VALUES ('2968500900094978', '2863154186658818', '2826882418213889', TO_DATE('2022-04-29 10:53:27', 'SYYYY-MM-DD HH24:MI:SS'), NULL, '0');
INSERT INTO "SYS_ROLE_MENU" VALUES ('2968500900111362', '2863154186658818', '2807298299749378', TO_DATE('2022-04-29 10:53:27', 'SYYYY-MM-DD HH24:MI:SS'), NULL, '0');
INSERT INTO "SYS_ROLE_MENU" VALUES ('2968500900127745', '2863154186658818', '2813634747737090', TO_DATE('2022-04-29 10:53:27', 'SYYYY-MM-DD HH24:MI:SS'), NULL, '0');
INSERT INTO "SYS_ROLE_MENU" VALUES ('2968500900144130', '2863154186658818', '2807303945839618', TO_DATE('2022-04-29 10:53:27', 'SYYYY-MM-DD HH24:MI:SS'), NULL, '0');
INSERT INTO "SYS_ROLE_MENU" VALUES ('2968500900152322', '2863154186658818', '2807304335401986', TO_DATE('2022-04-29 10:53:27', 'SYYYY-MM-DD HH24:MI:SS'), NULL, '0');
INSERT INTO "SYS_ROLE_MENU" VALUES ('2968638172341250', '2863159744128001', '2924012816131073', TO_DATE('2022-04-29 15:32:44', 'SYYYY-MM-DD HH24:MI:SS'), NULL, '0');
INSERT INTO "SYS_ROLE_MENU" VALUES ('2968638172496897', '2863159744128001', '2924013053862913', TO_DATE('2022-04-29 15:32:44', 'SYYYY-MM-DD HH24:MI:SS'), NULL, '0');
INSERT INTO "SYS_ROLE_MENU" VALUES ('2968638172529665', '2863159744128001', '2807298299749378', TO_DATE('2022-04-29 15:32:44', 'SYYYY-MM-DD HH24:MI:SS'), NULL, '0');
INSERT INTO "SYS_ROLE_MENU" VALUES ('2968638172603393', '2863159744128001', '2813634747737090', TO_DATE('2022-04-29 15:32:44', 'SYYYY-MM-DD HH24:MI:SS'), NULL, '0');
INSERT INTO "SYS_ROLE_MENU" VALUES ('2968638172644353', '2863159744128001', '2813635107554306', TO_DATE('2022-04-29 15:32:44', 'SYYYY-MM-DD HH24:MI:SS'), NULL, '0');
INSERT INTO "SYS_ROLE_MENU" VALUES ('2968638172685313', '2863159744128001', '2813635315016705', TO_DATE('2022-04-29 15:32:44', 'SYYYY-MM-DD HH24:MI:SS'), NULL, '0');
INSERT INTO "SYS_ROLE_MENU" VALUES ('2968638172701698', '2863159744128001', '2813635487114242', TO_DATE('2022-04-29 15:32:44', 'SYYYY-MM-DD HH24:MI:SS'), NULL, '0');
INSERT INTO "SYS_ROLE_MENU" VALUES ('2968638172718081', '2863159744128001', '2813635623478273', TO_DATE('2022-04-29 15:32:44', 'SYYYY-MM-DD HH24:MI:SS'), NULL, '0');
INSERT INTO "SYS_ROLE_MENU" VALUES ('2968638172734465', '2863159744128001', '2807302197699586', TO_DATE('2022-04-29 15:32:44', 'SYYYY-MM-DD HH24:MI:SS'), NULL, '0');
INSERT INTO "SYS_ROLE_MENU" VALUES ('2968638172750850', '2863159744128001', '2813638498927618', TO_DATE('2022-04-29 15:32:44', 'SYYYY-MM-DD HH24:MI:SS'), NULL, '0');
INSERT INTO "SYS_ROLE_MENU" VALUES ('2968638172767234', '2863159744128001', '2813638770590721', TO_DATE('2022-04-29 15:32:44', 'SYYYY-MM-DD HH24:MI:SS'), NULL, '0');
INSERT INTO "SYS_ROLE_MENU" VALUES ('2968638172783618', '2863159744128001', '2813638936790017', TO_DATE('2022-04-29 15:32:44', 'SYYYY-MM-DD HH24:MI:SS'), NULL, '0');
INSERT INTO "SYS_ROLE_MENU" VALUES ('2968638172800002', '2863159744128001', '2813639035167745', TO_DATE('2022-04-29 15:32:44', 'SYYYY-MM-DD HH24:MI:SS'), NULL, '0');
INSERT INTO "SYS_ROLE_MENU" VALUES ('2968638172816386', '2863159744128001', '2807303945839618', TO_DATE('2022-04-29 15:32:44', 'SYYYY-MM-DD HH24:MI:SS'), NULL, '0');
INSERT INTO "SYS_ROLE_MENU" VALUES ('2968638172832769', '2863159744128001', '2813639159145474', TO_DATE('2022-04-29 15:32:44', 'SYYYY-MM-DD HH24:MI:SS'), NULL, '0');
INSERT INTO "SYS_ROLE_MENU" VALUES ('2968638172857345', '2863159744128001', '2813639361201153', TO_DATE('2022-04-29 15:32:44', 'SYYYY-MM-DD HH24:MI:SS'), NULL, '0');
INSERT INTO "SYS_ROLE_MENU" VALUES ('2968638172898305', '2863159744128001', '2813639767933953', TO_DATE('2022-04-29 15:32:44', 'SYYYY-MM-DD HH24:MI:SS'), NULL, '0');
INSERT INTO "SYS_ROLE_MENU" VALUES ('2968638172922881', '2863159744128001', '2813639903527937', TO_DATE('2022-04-29 15:32:44', 'SYYYY-MM-DD HH24:MI:SS'), NULL, '0');
INSERT INTO "SYS_ROLE_MENU" VALUES ('2968638172931074', '2863159744128001', '2813640562197505', TO_DATE('2022-04-29 15:32:44', 'SYYYY-MM-DD HH24:MI:SS'), NULL, '0');
INSERT INTO "SYS_ROLE_MENU" VALUES ('2968638172939265', '2863159744128001', '2807302494200834', TO_DATE('2022-04-29 15:32:44', 'SYYYY-MM-DD HH24:MI:SS'), NULL, '0');
INSERT INTO "SYS_ROLE_MENU" VALUES ('2968638172963841', '2863159744128001', '2813641563825154', TO_DATE('2022-04-29 15:32:44', 'SYYYY-MM-DD HH24:MI:SS'), NULL, '0');
INSERT INTO "SYS_ROLE_MENU" VALUES ('2968638172972034', '2863159744128001', '2813641708209153', TO_DATE('2022-04-29 15:32:44', 'SYYYY-MM-DD HH24:MI:SS'), NULL, '0');
INSERT INTO "SYS_ROLE_MENU" VALUES ('2968638172988418', '2863159744128001', '2813641899754497', TO_DATE('2022-04-29 15:32:44', 'SYYYY-MM-DD HH24:MI:SS'), NULL, '0');
INSERT INTO "SYS_ROLE_MENU" VALUES ('2968638173004802', '2863159744128001', '2807304335401986', TO_DATE('2022-04-29 15:32:44', 'SYYYY-MM-DD HH24:MI:SS'), NULL, '0');
INSERT INTO "SYS_ROLE_MENU" VALUES ('2968638173053954', '2863159744128001', '2813642112902146', TO_DATE('2022-04-29 15:32:44', 'SYYYY-MM-DD HH24:MI:SS'), NULL, '0');
INSERT INTO "SYS_ROLE_MENU" VALUES ('2968638173062145', '2863159744128001', '2826882418213889', TO_DATE('2022-04-29 15:32:44', 'SYYYY-MM-DD HH24:MI:SS'), NULL, '0');
INSERT INTO "SYS_ROLE_MENU" VALUES ('2968638173078529', '2863159744128001', '2826882849367041', TO_DATE('2022-04-29 15:32:44', 'SYYYY-MM-DD HH24:MI:SS'), NULL, '0');
INSERT INTO "SYS_ROLE_MENU" VALUES ('2968638173094914', '2863159744128001', '2813642287399937', TO_DATE('2022-04-29 15:32:44', 'SYYYY-MM-DD HH24:MI:SS'), NULL, '0');
INSERT INTO "SYS_ROLE_MENU" VALUES ('2968638173111297', '2863159744128001', '2813642406552578', TO_DATE('2022-04-29 15:32:44', 'SYYYY-MM-DD HH24:MI:SS'), NULL, '0');
INSERT INTO "SYS_ROLE_MENU" VALUES ('2968638173119489', '2863159744128001', '2813637877875713', TO_DATE('2022-04-29 15:32:44', 'SYYYY-MM-DD HH24:MI:SS'), NULL, '0');
INSERT INTO "SYS_ROLE_MENU" VALUES ('2968638173135874', '2863159744128001', '2813642995516417', TO_DATE('2022-04-29 15:32:44', 'SYYYY-MM-DD HH24:MI:SS'), NULL, '0');
INSERT INTO "SYS_ROLE_MENU" VALUES ('2968638173152257', '2863159744128001', '2813643100775426', TO_DATE('2022-04-29 15:32:44', 'SYYYY-MM-DD HH24:MI:SS'), NULL, '0');
INSERT INTO "SYS_ROLE_MENU" VALUES ('2968638173168642', '2863159744128001', '2813643207984129', TO_DATE('2022-04-29 15:32:44', 'SYYYY-MM-DD HH24:MI:SS'), NULL, '0');
INSERT INTO "SYS_ROLE_MENU" VALUES ('2968638173176834', '2863159744128001', '2813643602535425', TO_DATE('2022-04-29 15:32:44', 'SYYYY-MM-DD HH24:MI:SS'), NULL, '0');
INSERT INTO "SYS_ROLE_MENU" VALUES ('2968638173185025', '2863159744128001', '2813643728102401', TO_DATE('2022-04-29 15:32:44', 'SYYYY-MM-DD HH24:MI:SS'), NULL, '0');
INSERT INTO "SYS_ROLE_MENU" VALUES ('2968638173209601', '2863159744128001', '2813638069158913', TO_DATE('2022-04-29 15:32:44', 'SYYYY-MM-DD HH24:MI:SS'), NULL, '0');
INSERT INTO "SYS_ROLE_MENU" VALUES ('2968638173217793', '2863159744128001', '2813644091515905', TO_DATE('2022-04-29 15:32:44', 'SYYYY-MM-DD HH24:MI:SS'), NULL, '0');
INSERT INTO "SYS_ROLE_MENU" VALUES ('2968638173234178', '2863159744128001', '2813644284806146', TO_DATE('2022-04-29 15:32:44', 'SYYYY-MM-DD HH24:MI:SS'), NULL, '0');
INSERT INTO "SYS_ROLE_MENU" VALUES ('2968638173242369', '2863159744128001', '2813644462064641', TO_DATE('2022-04-29 15:32:44', 'SYYYY-MM-DD HH24:MI:SS'), NULL, '0');
INSERT INTO "SYS_ROLE_MENU" VALUES ('2968638173258753', '2863159744128001', '2813644613936130', TO_DATE('2022-04-29 15:32:44', 'SYYYY-MM-DD HH24:MI:SS'), NULL, '0');
INSERT INTO "SYS_ROLE_MENU" VALUES ('2968638173266946', '2863159744128001', '2813638238798849', TO_DATE('2022-04-29 15:32:44', 'SYYYY-MM-DD HH24:MI:SS'), NULL, '0');
INSERT INTO "SYS_ROLE_MENU" VALUES ('2968638173283329', '2863159744128001', '2813644814779393', TO_DATE('2022-04-29 15:32:44', 'SYYYY-MM-DD HH24:MI:SS'), NULL, '0');
INSERT INTO "SYS_ROLE_MENU" VALUES ('2968638173299713', '2863159744128001', '2813644915188738', TO_DATE('2022-04-29 15:32:44', 'SYYYY-MM-DD HH24:MI:SS'), NULL, '0');
INSERT INTO "SYS_ROLE_MENU" VALUES ('2968638173324290', '2863159744128001', '2813645332308993', TO_DATE('2022-04-29 15:32:44', 'SYYYY-MM-DD HH24:MI:SS'), NULL, '0');
INSERT INTO "SYS_ROLE_MENU" VALUES ('2968638173348866', '2863159744128001', '1120000', TO_DATE('2022-04-29 15:32:44', 'SYYYY-MM-DD HH24:MI:SS'), NULL, '0');
INSERT INTO "SYS_ROLE_MENU" VALUES ('2968638173357057', '2863159744128001', '2813652315808770', TO_DATE('2022-04-29 15:32:44', 'SYYYY-MM-DD HH24:MI:SS'), NULL, '0');
INSERT INTO "SYS_ROLE_MENU" VALUES ('2968638173389826', '2863159744128001', '2813653005009922', TO_DATE('2022-04-29 15:32:44', 'SYYYY-MM-DD HH24:MI:SS'), NULL, '0');
INSERT INTO "SYS_ROLE_MENU" VALUES ('2968638173398018', '2863159744128001', '2813653154972674', TO_DATE('2022-04-29 15:32:44', 'SYYYY-MM-DD HH24:MI:SS'), NULL, '0');
INSERT INTO "SYS_ROLE_MENU" VALUES ('2968638173422594', '2863159744128001', '2813653245895682', TO_DATE('2022-04-29 15:32:44', 'SYYYY-MM-DD HH24:MI:SS'), NULL, '0');
INSERT INTO "SYS_ROLE_MENU" VALUES ('2968638173422595', '2863159744128001', '2813653419377665', TO_DATE('2022-04-29 15:32:44', 'SYYYY-MM-DD HH24:MI:SS'), NULL, '0');
INSERT INTO "SYS_ROLE_MENU" VALUES ('2968638173438977', '2863159744128001', '2813653562803201', TO_DATE('2022-04-29 15:32:44', 'SYYYY-MM-DD HH24:MI:SS'), NULL, '0');
INSERT INTO "SYS_ROLE_MENU" VALUES ('2968638173455361', '2863159744128001', '2916985573934081', TO_DATE('2022-04-29 15:32:44', 'SYYYY-MM-DD HH24:MI:SS'), NULL, '0');
INSERT INTO "SYS_ROLE_MENU" VALUES ('2968638173537282', '2863159744128001', '2916983712556033', TO_DATE('2022-04-29 15:32:44', 'SYYYY-MM-DD HH24:MI:SS'), NULL, '0');
INSERT INTO "SYS_ROLE_MENU" VALUES ('2968638173594625', '2863159744128001', '2968544883950594', TO_DATE('2022-04-29 15:32:44', 'SYYYY-MM-DD HH24:MI:SS'), NULL, '0');

-- ----------------------------
-- Records of SYS_USER
-- ----------------------------
INSERT INTO "SYS_USER" VALUES ('1', '2851889946633218', '0', 'admin', NULL, '系统管理员', 'e10adc3949ba59abbe56e057f20f883e', '1', NULL, NULL, '1', '1', TO_DATE('2021-08-17 08:44:43', 'SYYYY-MM-DD HH24:MI:SS'), TO_DATE('2021-12-10 11:22:49', 'SYYYY-MM-DD HH24:MI:SS'), '0', NULL, '1');

-- ----------------------------
-- Records of SYS_ROLE_USER
-- ----------------------------
INSERT INTO "SYS_ROLE_USER" VALUES ('2863159744128001', '1', TO_DATE('2022-04-28 12:26:29', 'SYYYY-MM-DD HH24:MI:SS'), TO_DATE('2022-04-28 12:26:33', 'SYYYY-MM-DD HH24:MI:SS'), '0', '1');

-- ----------------------------
-- Records of SYS_USER_ADMIN
-- ----------------------------
INSERT INTO "SYS_USER_ADMIN" VALUES 
('1', '0', '0', 'sunam', '', '信雅达管理员', '2d0a8519a8ef841b704a71286754c924', '1', ' ', ' ', '1', '999', TO_DATE('2021-12-01 14:56:19', 'SYYYY-MM-DD HH24:MI:SS'), TO_DATE('2021-12-01 14:56:19', 'SYYYY-MM-DD HH24:MI:SS'), '0', NULL, '1');

-- ----------------------------
-- Records of SYS_NO_RULE
-- ----------------------------
INSERT INTO "SYS_NO_RULE" VALUES ('2975698525717506', '档案号', 'JGH@-@BMH@-@FLH@-@CWNF@SXH', '1', TO_DATE('2022-05-09 14:57:04', 'SYYYY-MM-DD HH24:MI:SS'), NULL, '0');

-- ----------------------------
-- Records of SYS_INST
-- ----------------------------
INSERT INTO "SYS_INST" VALUES ('2851889946633218','1','0','初始化机构','初始化机构','0',NULL,'1',NULL,TO_DATE('2021-12-01 14:56:19', 'SYYYY-MM-DD HH24:MI:SS'),NULL,'0',NULL,NULL,NULL,NULL,'1');
